{
  "human": {
    "n": 30,
    "mean": 39.504162311553955,
    "std": 23.312805884628695,
    "min": 11.468521118164062,
    "max": 101.56819152832033,
    "median": 31.775999069213864,
    "ci": [
      30.799017529183256,
      48.20930709392465
    ]
  },
  "ai": {
    "n": 30,
    "mean": 44.568531862894694,
    "std": 21.822790135094802,
    "min": 12.757164001464844,
    "max": 88.51334381103516,
    "median": 36.06095314025879,
    "ci": [
      36.41976810526617,
      52.71729562052322
    ]
  },
  "test": {
    "t_statistic": -0.8686509843539352,
    "p_value": 0.388618356876969,
    "cohens_d": -0.2242847197379647,
    "is_significant": false
  }
}